-- phpMyAdmin SQL Dump
-- version 5.1.1
-- https://www.phpmyadmin.net/
--
-- Host: 127.0.0.1:3308
-- Generation Time: Feb 03, 2022 at 08:22 AM
-- Server version: 5.7.36
-- PHP Version: 7.4.26

SET SQL_MODE = "NO_AUTO_VALUE_ON_ZERO";
START TRANSACTION;
SET time_zone = "+00:00";


/*!40101 SET @OLD_CHARACTER_SET_CLIENT=@@CHARACTER_SET_CLIENT */;
/*!40101 SET @OLD_CHARACTER_SET_RESULTS=@@CHARACTER_SET_RESULTS */;
/*!40101 SET @OLD_COLLATION_CONNECTION=@@COLLATION_CONNECTION */;
/*!40101 SET NAMES utf8mb4 */;

--
-- Database: `mercenary`
--

-- --------------------------------------------------------

--
-- Table structure for table `orders`
--

DROP TABLE IF EXISTS `orders`;
CREATE TABLE IF NOT EXISTS `orders` (
  `id` int(11) NOT NULL AUTO_INCREMENT,
  `name` varchar(50) COLLATE utf8_unicode_ci NOT NULL,
  `email` varchar(50) COLLATE utf8_unicode_ci NOT NULL,
  `item_number` varchar(50) COLLATE utf8_unicode_ci DEFAULT NULL,
  `item_name` varchar(255) COLLATE utf8_unicode_ci NOT NULL,
  `item_price` float(10,2) NOT NULL,
  `item_price_currency` varchar(10) COLLATE utf8_unicode_ci NOT NULL,
  `paid_amount` float(10,2) NOT NULL,
  `paid_amount_currency` varchar(10) COLLATE utf8_unicode_ci NOT NULL,
  `txn_id` varchar(100) COLLATE utf8_unicode_ci NOT NULL,
  `checkout_session_id` varchar(255) COLLATE utf8_unicode_ci NOT NULL,
  `payment_status` varchar(25) COLLATE utf8_unicode_ci NOT NULL,
  `created` datetime NOT NULL,
  `modified` datetime NOT NULL,
  PRIMARY KEY (`id`)
) ENGINE=InnoDB AUTO_INCREMENT=5 DEFAULT CHARSET=utf8 COLLATE=utf8_unicode_ci;

--
-- Dumping data for table `orders`
--

INSERT INTO `orders` (`id`, `name`, `email`, `item_number`, `item_name`, `item_price`, `item_price_currency`, `paid_amount`, `paid_amount_currency`, `txn_id`, `checkout_session_id`, `payment_status`, `created`, `modified`) VALUES
(1, 'test', 'test@gmail.com', '1', 'HP Pavilion Laptop', 2.00, 'USD', 2.00, 'usd', 'pi_3JvaOFIuhitIP6cR0FEnom0H', 'cs_test_a1TndHS3IhW2KTTT06PTXLrsz0eU9qC1XvrFn5pCLATtSN30VNRyOlozsd', 'succeeded', '2021-11-14 10:03:12', '2021-11-14 10:03:12'),
(2, 'test', 'test@gmail.com', '1', 'HP Pavilion Laptop', 2.00, 'USD', 2.00, 'usd', 'pi_3JvahlIuhitIP6cR0Ti7w6lW', 'cs_test_a1o7uV7nVT1RCz9TNxoaMyk3wFrhPuSb6cdUusaau1zZzoPSt9aZ4JahhD', 'succeeded', '2021-11-14 10:23:14', '2021-11-14 10:23:14'),
(3, 'Visa', 'kg@gmail.com', '1', 'HP Pavilion Laptop', 2.00, 'USD', 2.00, 'usd', 'pi_3KObArBGfTZXz1kc1CsU7Ch1', 'cs_test_a1xYVhnNBh2CDFYxG80CL9rHbwy0qBQD6dt5N9JHqtudz7f3MVequyMhqy', 'succeeded', '2022-02-02 10:46:08', '2022-02-02 10:46:08'),
(4, 'Visa', 'kg@gmail.com', '1', 'HP Pavilion Laptop', 2.00, 'USD', 300.00, 'usd', 'pi_3KObbVBGfTZXz1kc0oNBmHhE', 'cs_test_a1Cv15uhbrMBY1fRDX067PNC7l6up9pJWBJEQnaKE9HCusBLmCSSDM5eKT', 'succeeded', '2022-02-02 11:13:15', '2022-02-02 11:13:15');

-- --------------------------------------------------------

--
-- Table structure for table `payment_tbl`
--

DROP TABLE IF EXISTS `payment_tbl`;
CREATE TABLE IF NOT EXISTS `payment_tbl` (
  `payment_id` bigint(20) NOT NULL AUTO_INCREMENT,
  `user_id` bigint(20) DEFAULT NULL,
  `payment_date` datetime DEFAULT NULL,
  `transaction_id` varchar(50) DEFAULT NULL,
  `payment_status` varchar(25) NOT NULL,
  `paid_amount` float(10,2) NOT NULL,
  `checkout_session_id` varchar(255) NOT NULL,
  PRIMARY KEY (`payment_id`)
) ENGINE=InnoDB AUTO_INCREMENT=7 DEFAULT CHARSET=latin1;

--
-- Dumping data for table `payment_tbl`
--

INSERT INTO `payment_tbl` (`payment_id`, `user_id`, `payment_date`, `transaction_id`, `payment_status`, `paid_amount`, `checkout_session_id`) VALUES
(1, 8, '2022-02-02 12:25:21', 'pi_3KOcZNBGfTZXz1kc1Zw1ix4u', 'succeeded', 77.00, 'cs_test_a1uh37FVqcVUNidbrEOvFKpHrKj6J6xxrEcmGGUUTK3ogh0HppCPpOfsUQ'),
(2, 8, '2022-02-02 12:25:21', 'pi_3KOcZNBGfTZXz1kc1Zw1ix4u', 'succeeded', 77.00, 'cs_test_a1uh37FVqcVUNidbrEOvFKpHrKj6J6xxrEcmGGUUTK3ogh0HppCPpOfsUQ'),
(3, 4, '2022-02-02 12:26:54', 'pi_3KOclTBGfTZXz1kc0wCtxv58', 'succeeded', 77.00, 'cs_test_a1Zu4FyP2p99rne3OgL1NI1ijoGytRNGCKd1OSlrA3n0l2617bSJLWZ9Nd'),
(4, 4, '2022-02-02 12:31:38', 'pi_3KOcoxBGfTZXz1kc0WXISJZ9', 'succeeded', 77.00, 'cs_test_a17Y0eENydZ1VtUiscJkeA5TPAtzaDshHsv8puE0pzaUf2lhbanNOLDpC9'),
(5, 4, '2022-02-02 12:42:25', 'pi_3KOd0aBGfTZXz1kc1gtKib00', 'succeeded', 77.00, 'cs_test_a1hr9pEr17CAk53XAhTqEEvxjvui6duvLvtjDRNE5oIiJSRXAlzr7M47bM'),
(6, 4, '2022-02-03 11:40:07', 'pi_3KOyVvBGfTZXz1kc1XXeJpQ1', 'succeeded', 77.00, 'cs_test_a1QuTPoiTpr0FaR0m2FB5pITBmBDqeeRP2n46jVgbwyNKMpc45k4vtji0q');

-- --------------------------------------------------------

--
-- Table structure for table `user_shared_data_tbl`
--

DROP TABLE IF EXISTS `user_shared_data_tbl`;
CREATE TABLE IF NOT EXISTS `user_shared_data_tbl` (
  `user_shared_data_id` bigint(20) NOT NULL AUTO_INCREMENT,
  `user_id` bigint(20) DEFAULT NULL,
  `machine_info` varchar(255) DEFAULT NULL,
  `scan_datetime` datetime DEFAULT NULL,
  `lat` varchar(20) DEFAULT NULL,
  `long` varchar(20) DEFAULT NULL,
  `remote_ip` varchar(30) NOT NULL,
  `local_machine_ip` varchar(30) NOT NULL,
  `browser_name` varchar(50) NOT NULL,
  PRIMARY KEY (`user_shared_data_id`)
) ENGINE=InnoDB AUTO_INCREMENT=425 DEFAULT CHARSET=latin1;

--
-- Dumping data for table `user_shared_data_tbl`
--

INSERT INTO `user_shared_data_tbl` (`user_shared_data_id`, `user_id`, `machine_info`, `scan_datetime`, `lat`, `long`, `remote_ip`, `local_machine_ip`, `browser_name`) VALUES
(1, 4, 'Windows NT DESKTOP-SURN24G 10.0 build 19042 (Windows 10) AMD64', '2022-02-01 14:36:24', '21', '73', '::1', '192.168.29.81', 'Chrome'),
(2, 3, 'Windows NT DESKTOP-SURN24G 10.0 build 19042 (Windows 10) AMD64', '2022-02-01 14:38:03', '22', '73', '::1', '192.168.29.81', 'Chrome'),
(3, 4, 'Windows NT DESKTOP-SURN24G 10.0 build 19042 (Windows 10) AMD64', '2022-02-01 14:41:17', '21', '73', '::1', '192.168.29.81', 'Chrome'),
(4, 4, 'Windows NT DESKTOP-SURN24G 10.0 build 19042 (Windows 10) AMD64', '2022-02-01 14:56:32', '', '', '::1', '192.168.29.81', 'Chrome'),
(5, 4, 'Windows NT DESKTOP-SURN24G 10.0 build 19042 (Windows 10) AMD64', '2022-02-01 14:56:32', '', '', '::1', '192.168.29.81', 'Chrome'),
(6, 4, 'Windows NT DESKTOP-SURN24G 10.0 build 19042 (Windows 10) AMD64', '2022-02-01 14:56:32', '', '', '::1', '192.168.29.81', 'Chrome'),
(7, 4, 'Windows NT DESKTOP-SURN24G 10.0 build 19042 (Windows 10) AMD64', '2022-02-01 14:56:32', '', '', '::1', '192.168.29.81', 'Chrome'),
(8, 4, 'Windows NT DESKTOP-SURN24G 10.0 build 19042 (Windows 10) AMD64', '2022-02-01 14:56:32', '', '', '::1', '192.168.29.81', 'Chrome'),
(9, 4, 'Windows NT DESKTOP-SURN24G 10.0 build 19042 (Windows 10) AMD64', '2022-02-01 14:56:32', '', '', '::1', '192.168.29.81', 'Chrome'),
(10, 4, 'Windows NT DESKTOP-SURN24G 10.0 build 19042 (Windows 10) AMD64', '2022-02-01 14:56:32', '', '', '::1', '192.168.29.81', 'Chrome'),
(11, 4, 'Windows NT DESKTOP-SURN24G 10.0 build 19042 (Windows 10) AMD64', '2022-02-01 14:56:32', '', '', '::1', '192.168.29.81', 'Chrome'),
(12, 4, 'Windows NT DESKTOP-SURN24G 10.0 build 19042 (Windows 10) AMD64', '2022-02-01 14:56:32', '', '', '::1', '192.168.29.81', 'Chrome'),
(13, 4, 'Windows NT DESKTOP-SURN24G 10.0 build 19042 (Windows 10) AMD64', '2022-02-01 14:56:32', '', '', '::1', '192.168.29.81', 'Chrome'),
(14, 4, 'Windows NT DESKTOP-SURN24G 10.0 build 19042 (Windows 10) AMD64', '2022-02-01 14:56:32', '', '', '::1', '192.168.29.81', 'Chrome'),
(15, 4, 'Windows NT DESKTOP-SURN24G 10.0 build 19042 (Windows 10) AMD64', '2022-02-01 14:56:32', '', '', '::1', '192.168.29.81', 'Chrome'),
(16, 4, 'Windows NT DESKTOP-SURN24G 10.0 build 19042 (Windows 10) AMD64', '2022-02-01 14:56:32', '', '', '::1', '192.168.29.81', 'Chrome'),
(17, 4, 'Windows NT DESKTOP-SURN24G 10.0 build 19042 (Windows 10) AMD64', '2022-02-01 14:56:32', '', '', '::1', '192.168.29.81', 'Chrome'),
(18, 4, 'Windows NT DESKTOP-SURN24G 10.0 build 19042 (Windows 10) AMD64', '2022-02-01 14:56:32', '', '', '::1', '192.168.29.81', 'Chrome'),
(19, 4, 'Windows NT DESKTOP-SURN24G 10.0 build 19042 (Windows 10) AMD64', '2022-02-01 14:56:32', '', '', '::1', '192.168.29.81', 'Chrome'),
(20, 4, 'Windows NT DESKTOP-SURN24G 10.0 build 19042 (Windows 10) AMD64', '2022-02-01 14:56:32', '', '', '::1', '192.168.29.81', 'Chrome'),
(21, 4, 'Windows NT DESKTOP-SURN24G 10.0 build 19042 (Windows 10) AMD64', '2022-02-01 14:56:32', '', '', '::1', '192.168.29.81', 'Chrome'),
(22, 4, 'Windows NT DESKTOP-SURN24G 10.0 build 19042 (Windows 10) AMD64', '2022-02-01 14:56:32', '', '', '::1', '192.168.29.81', 'Chrome'),
(23, 4, 'Windows NT DESKTOP-SURN24G 10.0 build 19042 (Windows 10) AMD64', '2022-02-01 14:56:32', '', '', '::1', '192.168.29.81', 'Chrome'),
(24, 4, 'Windows NT DESKTOP-SURN24G 10.0 build 19042 (Windows 10) AMD64', '2022-02-01 14:56:33', '', '', '::1', '192.168.29.81', 'Chrome'),
(25, 4, 'Windows NT DESKTOP-SURN24G 10.0 build 19042 (Windows 10) AMD64', '2022-02-01 14:56:33', '', '', '::1', '192.168.29.81', 'Chrome'),
(26, 4, 'Windows NT DESKTOP-SURN24G 10.0 build 19042 (Windows 10) AMD64', '2022-02-01 14:56:33', '', '', '::1', '192.168.29.81', 'Chrome'),
(27, 4, 'Windows NT DESKTOP-SURN24G 10.0 build 19042 (Windows 10) AMD64', '2022-02-01 14:56:34', '', '', '::1', '192.168.29.81', 'Chrome'),
(28, 4, 'Windows NT DESKTOP-SURN24G 10.0 build 19042 (Windows 10) AMD64', '2022-02-01 14:56:34', '', '', '::1', '192.168.29.81', 'Chrome'),
(29, 4, 'Windows NT DESKTOP-SURN24G 10.0 build 19042 (Windows 10) AMD64', '2022-02-01 14:56:34', '', '', '::1', '192.168.29.81', 'Chrome'),
(30, 4, 'Windows NT DESKTOP-SURN24G 10.0 build 19042 (Windows 10) AMD64', '2022-02-01 14:56:34', '', '', '::1', '192.168.29.81', 'Chrome'),
(31, 4, 'Windows NT DESKTOP-SURN24G 10.0 build 19042 (Windows 10) AMD64', '2022-02-01 14:56:34', '', '', '::1', '192.168.29.81', 'Chrome'),
(32, 4, 'Windows NT DESKTOP-SURN24G 10.0 build 19042 (Windows 10) AMD64', '2022-02-01 14:56:34', '', '', '::1', '192.168.29.81', 'Chrome'),
(33, 4, 'Windows NT DESKTOP-SURN24G 10.0 build 19042 (Windows 10) AMD64', '2022-02-01 14:56:34', '', '', '::1', '192.168.29.81', 'Chrome'),
(34, 4, 'Windows NT DESKTOP-SURN24G 10.0 build 19042 (Windows 10) AMD64', '2022-02-01 14:56:34', '', '', '::1', '192.168.29.81', 'Chrome'),
(35, 4, 'Windows NT DESKTOP-SURN24G 10.0 build 19042 (Windows 10) AMD64', '2022-02-01 14:56:34', '', '', '::1', '192.168.29.81', 'Chrome'),
(36, 4, 'Windows NT DESKTOP-SURN24G 10.0 build 19042 (Windows 10) AMD64', '2022-02-01 14:56:34', '', '', '::1', '192.168.29.81', 'Chrome'),
(37, 4, 'Windows NT DESKTOP-SURN24G 10.0 build 19042 (Windows 10) AMD64', '2022-02-01 14:56:34', '', '', '::1', '192.168.29.81', 'Chrome'),
(38, 4, 'Windows NT DESKTOP-SURN24G 10.0 build 19042 (Windows 10) AMD64', '2022-02-01 14:56:34', '', '', '::1', '192.168.29.81', 'Chrome'),
(39, 4, 'Windows NT DESKTOP-SURN24G 10.0 build 19042 (Windows 10) AMD64', '2022-02-01 14:56:34', '', '', '::1', '192.168.29.81', 'Chrome'),
(40, 4, 'Windows NT DESKTOP-SURN24G 10.0 build 19042 (Windows 10) AMD64', '2022-02-01 14:56:34', '', '', '::1', '192.168.29.81', 'Chrome'),
(41, 4, 'Windows NT DESKTOP-SURN24G 10.0 build 19042 (Windows 10) AMD64', '2022-02-01 14:56:34', '', '', '::1', '192.168.29.81', 'Chrome'),
(42, 4, 'Windows NT DESKTOP-SURN24G 10.0 build 19042 (Windows 10) AMD64', '2022-02-01 14:56:34', '', '', '::1', '192.168.29.81', 'Chrome'),
(43, 4, 'Windows NT DESKTOP-SURN24G 10.0 build 19042 (Windows 10) AMD64', '2022-02-01 14:56:34', '', '', '::1', '192.168.29.81', 'Chrome'),
(44, 4, 'Windows NT DESKTOP-SURN24G 10.0 build 19042 (Windows 10) AMD64', '2022-02-01 14:56:39', '', '', '::1', '192.168.29.81', 'Chrome'),
(45, 4, 'Windows NT DESKTOP-SURN24G 10.0 build 19042 (Windows 10) AMD64', '2022-02-01 14:56:40', '', '', '::1', '192.168.29.81', 'Chrome'),
(46, 4, 'Windows NT DESKTOP-SURN24G 10.0 build 19042 (Windows 10) AMD64', '2022-02-01 14:56:40', '', '', '::1', '192.168.29.81', 'Chrome'),
(47, 4, 'Windows NT DESKTOP-SURN24G 10.0 build 19042 (Windows 10) AMD64', '2022-02-01 14:56:40', '', '', '::1', '192.168.29.81', 'Chrome'),
(48, 4, 'Windows NT DESKTOP-SURN24G 10.0 build 19042 (Windows 10) AMD64', '2022-02-01 14:56:40', '', '', '::1', '192.168.29.81', 'Chrome'),
(49, 4, 'Windows NT DESKTOP-SURN24G 10.0 build 19042 (Windows 10) AMD64', '2022-02-01 14:56:40', '', '', '::1', '192.168.29.81', 'Chrome'),
(50, 4, 'Windows NT DESKTOP-SURN24G 10.0 build 19042 (Windows 10) AMD64', '2022-02-01 14:56:40', '', '', '::1', '192.168.29.81', 'Chrome'),
(51, 4, 'Windows NT DESKTOP-SURN24G 10.0 build 19042 (Windows 10) AMD64', '2022-02-01 14:56:40', '', '', '::1', '192.168.29.81', 'Chrome'),
(52, 4, 'Windows NT DESKTOP-SURN24G 10.0 build 19042 (Windows 10) AMD64', '2022-02-01 14:56:40', '', '', '::1', '192.168.29.81', 'Chrome'),
(53, 4, 'Windows NT DESKTOP-SURN24G 10.0 build 19042 (Windows 10) AMD64', '2022-02-01 14:56:40', '', '', '::1', '192.168.29.81', 'Chrome'),
(54, 4, 'Windows NT DESKTOP-SURN24G 10.0 build 19042 (Windows 10) AMD64', '2022-02-01 14:56:40', '', '', '::1', '192.168.29.81', 'Chrome'),
(55, 4, 'Windows NT DESKTOP-SURN24G 10.0 build 19042 (Windows 10) AMD64', '2022-02-01 14:56:40', '', '', '::1', '192.168.29.81', 'Chrome'),
(56, 4, 'Windows NT DESKTOP-SURN24G 10.0 build 19042 (Windows 10) AMD64', '2022-02-01 14:56:40', '', '', '::1', '192.168.29.81', 'Chrome'),
(57, 4, 'Windows NT DESKTOP-SURN24G 10.0 build 19042 (Windows 10) AMD64', '2022-02-01 14:56:40', '', '', '::1', '192.168.29.81', 'Chrome'),
(58, 4, 'Windows NT DESKTOP-SURN24G 10.0 build 19042 (Windows 10) AMD64', '2022-02-01 14:56:40', '', '', '::1', '192.168.29.81', 'Chrome'),
(59, 4, 'Windows NT DESKTOP-SURN24G 10.0 build 19042 (Windows 10) AMD64', '2022-02-01 14:56:40', '', '', '::1', '192.168.29.81', 'Chrome'),
(60, 4, 'Windows NT DESKTOP-SURN24G 10.0 build 19042 (Windows 10) AMD64', '2022-02-01 14:56:40', '', '', '::1', '192.168.29.81', 'Chrome'),
(61, 4, 'Windows NT DESKTOP-SURN24G 10.0 build 19042 (Windows 10) AMD64', '2022-02-01 14:56:40', '', '', '::1', '192.168.29.81', 'Chrome'),
(62, 4, 'Windows NT DESKTOP-SURN24G 10.0 build 19042 (Windows 10) AMD64', '2022-02-01 14:56:40', '', '', '::1', '192.168.29.81', 'Chrome'),
(63, 4, 'Windows NT DESKTOP-SURN24G 10.0 build 19042 (Windows 10) AMD64', '2022-02-01 14:56:40', '', '', '::1', '192.168.29.81', 'Chrome'),
(64, 4, 'Windows NT DESKTOP-SURN24G 10.0 build 19042 (Windows 10) AMD64', '2022-02-01 14:56:41', '', '', '::1', '192.168.29.81', 'Chrome'),
(65, 4, 'Windows NT DESKTOP-SURN24G 10.0 build 19042 (Windows 10) AMD64', '2022-02-01 14:56:41', '', '', '::1', '192.168.29.81', 'Chrome'),
(66, 4, 'Windows NT DESKTOP-SURN24G 10.0 build 19042 (Windows 10) AMD64', '2022-02-01 14:56:41', '', '', '::1', '192.168.29.81', 'Chrome'),
(67, 4, 'Windows NT DESKTOP-SURN24G 10.0 build 19042 (Windows 10) AMD64', '2022-02-01 14:56:41', '', '', '::1', '192.168.29.81', 'Chrome'),
(68, 4, 'Windows NT DESKTOP-SURN24G 10.0 build 19042 (Windows 10) AMD64', '2022-02-01 14:56:41', '', '', '::1', '192.168.29.81', 'Chrome'),
(69, 4, 'Windows NT DESKTOP-SURN24G 10.0 build 19042 (Windows 10) AMD64', '2022-02-01 14:56:41', '', '', '::1', '192.168.29.81', 'Chrome'),
(70, 4, 'Windows NT DESKTOP-SURN24G 10.0 build 19042 (Windows 10) AMD64', '2022-02-01 14:56:41', '', '', '::1', '192.168.29.81', 'Chrome'),
(71, 4, 'Windows NT DESKTOP-SURN24G 10.0 build 19042 (Windows 10) AMD64', '2022-02-01 14:56:41', '', '', '::1', '192.168.29.81', 'Chrome'),
(72, 4, 'Windows NT DESKTOP-SURN24G 10.0 build 19042 (Windows 10) AMD64', '2022-02-01 14:56:41', '', '', '::1', '192.168.29.81', 'Chrome'),
(73, 4, 'Windows NT DESKTOP-SURN24G 10.0 build 19042 (Windows 10) AMD64', '2022-02-01 14:56:41', '', '', '::1', '192.168.29.81', 'Chrome'),
(74, 4, 'Windows NT DESKTOP-SURN24G 10.0 build 19042 (Windows 10) AMD64', '2022-02-01 14:56:41', '', '', '::1', '192.168.29.81', 'Chrome'),
(75, 4, 'Windows NT DESKTOP-SURN24G 10.0 build 19042 (Windows 10) AMD64', '2022-02-01 14:56:41', '', '', '::1', '192.168.29.81', 'Chrome'),
(76, 4, 'Windows NT DESKTOP-SURN24G 10.0 build 19042 (Windows 10) AMD64', '2022-02-01 14:56:41', '', '', '::1', '192.168.29.81', 'Chrome'),
(77, 4, 'Windows NT DESKTOP-SURN24G 10.0 build 19042 (Windows 10) AMD64', '2022-02-01 14:56:41', '', '', '::1', '192.168.29.81', 'Chrome'),
(78, 4, 'Windows NT DESKTOP-SURN24G 10.0 build 19042 (Windows 10) AMD64', '2022-02-01 14:56:41', '', '', '::1', '192.168.29.81', 'Chrome'),
(79, 4, 'Windows NT DESKTOP-SURN24G 10.0 build 19042 (Windows 10) AMD64', '2022-02-01 14:56:41', '', '', '::1', '192.168.29.81', 'Chrome'),
(80, 4, 'Windows NT DESKTOP-SURN24G 10.0 build 19042 (Windows 10) AMD64', '2022-02-01 14:56:41', '', '', '::1', '192.168.29.81', 'Chrome'),
(81, 4, 'Windows NT DESKTOP-SURN24G 10.0 build 19042 (Windows 10) AMD64', '2022-02-01 14:56:41', '', '', '::1', '192.168.29.81', 'Chrome'),
(82, 4, 'Windows NT DESKTOP-SURN24G 10.0 build 19042 (Windows 10) AMD64', '2022-02-01 14:56:41', '', '', '::1', '192.168.29.81', 'Chrome'),
(83, 4, 'Windows NT DESKTOP-SURN24G 10.0 build 19042 (Windows 10) AMD64', '2022-02-01 14:56:42', '', '', '::1', '192.168.29.81', 'Chrome'),
(84, 4, 'Windows NT DESKTOP-SURN24G 10.0 build 19042 (Windows 10) AMD64', '2022-02-01 14:56:47', '', '', '::1', '192.168.29.81', 'Chrome'),
(85, 4, 'Windows NT DESKTOP-SURN24G 10.0 build 19042 (Windows 10) AMD64', '2022-02-01 14:56:47', '', '', '::1', '192.168.29.81', 'Chrome'),
(86, 4, 'Windows NT DESKTOP-SURN24G 10.0 build 19042 (Windows 10) AMD64', '2022-02-01 14:56:47', '', '', '::1', '192.168.29.81', 'Chrome'),
(87, 4, 'Windows NT DESKTOP-SURN24G 10.0 build 19042 (Windows 10) AMD64', '2022-02-01 14:56:47', '', '', '::1', '192.168.29.81', 'Chrome'),
(88, 4, 'Windows NT DESKTOP-SURN24G 10.0 build 19042 (Windows 10) AMD64', '2022-02-01 14:56:47', '', '', '::1', '192.168.29.81', 'Chrome'),
(89, 4, 'Windows NT DESKTOP-SURN24G 10.0 build 19042 (Windows 10) AMD64', '2022-02-01 14:56:47', '', '', '::1', '192.168.29.81', 'Chrome'),
(90, 4, 'Windows NT DESKTOP-SURN24G 10.0 build 19042 (Windows 10) AMD64', '2022-02-01 14:56:47', '', '', '::1', '192.168.29.81', 'Chrome'),
(91, 4, 'Windows NT DESKTOP-SURN24G 10.0 build 19042 (Windows 10) AMD64', '2022-02-01 14:56:47', '', '', '::1', '192.168.29.81', 'Chrome'),
(92, 4, 'Windows NT DESKTOP-SURN24G 10.0 build 19042 (Windows 10) AMD64', '2022-02-01 14:56:47', '', '', '::1', '192.168.29.81', 'Chrome'),
(93, 4, 'Windows NT DESKTOP-SURN24G 10.0 build 19042 (Windows 10) AMD64', '2022-02-01 14:56:47', '', '', '::1', '192.168.29.81', 'Chrome'),
(94, 4, 'Windows NT DESKTOP-SURN24G 10.0 build 19042 (Windows 10) AMD64', '2022-02-01 14:56:47', '', '', '::1', '192.168.29.81', 'Chrome'),
(95, 4, 'Windows NT DESKTOP-SURN24G 10.0 build 19042 (Windows 10) AMD64', '2022-02-01 14:56:47', '', '', '::1', '192.168.29.81', 'Chrome'),
(96, 4, 'Windows NT DESKTOP-SURN24G 10.0 build 19042 (Windows 10) AMD64', '2022-02-01 14:56:47', '', '', '::1', '192.168.29.81', 'Chrome'),
(97, 4, 'Windows NT DESKTOP-SURN24G 10.0 build 19042 (Windows 10) AMD64', '2022-02-01 14:56:47', '', '', '::1', '192.168.29.81', 'Chrome'),
(98, 4, 'Windows NT DESKTOP-SURN24G 10.0 build 19042 (Windows 10) AMD64', '2022-02-01 14:56:47', '', '', '::1', '192.168.29.81', 'Chrome'),
(99, 4, 'Windows NT DESKTOP-SURN24G 10.0 build 19042 (Windows 10) AMD64', '2022-02-01 14:56:47', '', '', '::1', '192.168.29.81', 'Chrome'),
(100, 4, 'Windows NT DESKTOP-SURN24G 10.0 build 19042 (Windows 10) AMD64', '2022-02-01 14:56:47', '', '', '::1', '192.168.29.81', 'Chrome'),
(101, 4, 'Windows NT DESKTOP-SURN24G 10.0 build 19042 (Windows 10) AMD64', '2022-02-01 14:56:47', '', '', '::1', '192.168.29.81', 'Chrome'),
(102, 4, 'Windows NT DESKTOP-SURN24G 10.0 build 19042 (Windows 10) AMD64', '2022-02-01 14:56:47', '', '', '::1', '192.168.29.81', 'Chrome'),
(103, 4, 'Windows NT DESKTOP-SURN24G 10.0 build 19042 (Windows 10) AMD64', '2022-02-01 14:56:47', '', '', '::1', '192.168.29.81', 'Chrome'),
(104, 4, 'Windows NT DESKTOP-SURN24G 10.0 build 19042 (Windows 10) AMD64', '2022-02-01 14:57:07', '', '', '::1', '192.168.29.81', 'Chrome'),
(105, 4, 'Windows NT DESKTOP-SURN24G 10.0 build 19042 (Windows 10) AMD64', '2022-02-01 14:57:07', '', '', '::1', '192.168.29.81', 'Chrome'),
(106, 4, 'Windows NT DESKTOP-SURN24G 10.0 build 19042 (Windows 10) AMD64', '2022-02-01 14:57:07', '', '', '::1', '192.168.29.81', 'Chrome'),
(107, 4, 'Windows NT DESKTOP-SURN24G 10.0 build 19042 (Windows 10) AMD64', '2022-02-01 14:57:07', '', '', '::1', '192.168.29.81', 'Chrome'),
(108, 4, 'Windows NT DESKTOP-SURN24G 10.0 build 19042 (Windows 10) AMD64', '2022-02-01 14:57:07', '', '', '::1', '192.168.29.81', 'Chrome'),
(109, 4, 'Windows NT DESKTOP-SURN24G 10.0 build 19042 (Windows 10) AMD64', '2022-02-01 14:57:07', '', '', '::1', '192.168.29.81', 'Chrome'),
(110, 4, 'Windows NT DESKTOP-SURN24G 10.0 build 19042 (Windows 10) AMD64', '2022-02-01 14:57:07', '', '', '::1', '192.168.29.81', 'Chrome'),
(111, 4, 'Windows NT DESKTOP-SURN24G 10.0 build 19042 (Windows 10) AMD64', '2022-02-01 14:57:07', '', '', '::1', '192.168.29.81', 'Chrome'),
(112, 4, 'Windows NT DESKTOP-SURN24G 10.0 build 19042 (Windows 10) AMD64', '2022-02-01 14:57:07', '', '', '::1', '192.168.29.81', 'Chrome'),
(113, 4, 'Windows NT DESKTOP-SURN24G 10.0 build 19042 (Windows 10) AMD64', '2022-02-01 14:57:07', '', '', '::1', '192.168.29.81', 'Chrome'),
(114, 4, 'Windows NT DESKTOP-SURN24G 10.0 build 19042 (Windows 10) AMD64', '2022-02-01 14:57:07', '', '', '::1', '192.168.29.81', 'Chrome'),
(115, 4, 'Windows NT DESKTOP-SURN24G 10.0 build 19042 (Windows 10) AMD64', '2022-02-01 14:57:07', '', '', '::1', '192.168.29.81', 'Chrome'),
(116, 4, 'Windows NT DESKTOP-SURN24G 10.0 build 19042 (Windows 10) AMD64', '2022-02-01 14:57:07', '', '', '::1', '192.168.29.81', 'Chrome'),
(117, 4, 'Windows NT DESKTOP-SURN24G 10.0 build 19042 (Windows 10) AMD64', '2022-02-01 14:57:07', '', '', '::1', '192.168.29.81', 'Chrome'),
(118, 4, 'Windows NT DESKTOP-SURN24G 10.0 build 19042 (Windows 10) AMD64', '2022-02-01 14:57:08', '', '', '::1', '192.168.29.81', 'Chrome'),
(119, 4, 'Windows NT DESKTOP-SURN24G 10.0 build 19042 (Windows 10) AMD64', '2022-02-01 14:57:08', '', '', '::1', '192.168.29.81', 'Chrome'),
(120, 4, 'Windows NT DESKTOP-SURN24G 10.0 build 19042 (Windows 10) AMD64', '2022-02-01 14:57:08', '', '', '::1', '192.168.29.81', 'Chrome'),
(121, 4, 'Windows NT DESKTOP-SURN24G 10.0 build 19042 (Windows 10) AMD64', '2022-02-01 14:57:08', '', '', '::1', '192.168.29.81', 'Chrome'),
(122, 4, 'Windows NT DESKTOP-SURN24G 10.0 build 19042 (Windows 10) AMD64', '2022-02-01 14:57:08', '', '', '::1', '192.168.29.81', 'Chrome'),
(123, 4, 'Windows NT DESKTOP-SURN24G 10.0 build 19042 (Windows 10) AMD64', '2022-02-01 14:57:08', '', '', '::1', '192.168.29.81', 'Chrome'),
(124, 4, 'Windows NT DESKTOP-SURN24G 10.0 build 19042 (Windows 10) AMD64', '2022-02-01 14:57:09', '', '', '::1', '192.168.29.81', 'Chrome'),
(125, 4, 'Windows NT DESKTOP-SURN24G 10.0 build 19042 (Windows 10) AMD64', '2022-02-01 14:57:09', '', '', '::1', '192.168.29.81', 'Chrome'),
(126, 4, 'Windows NT DESKTOP-SURN24G 10.0 build 19042 (Windows 10) AMD64', '2022-02-01 14:57:09', '', '', '::1', '192.168.29.81', 'Chrome'),
(127, 4, 'Windows NT DESKTOP-SURN24G 10.0 build 19042 (Windows 10) AMD64', '2022-02-01 14:57:09', '', '', '::1', '192.168.29.81', 'Chrome'),
(128, 4, 'Windows NT DESKTOP-SURN24G 10.0 build 19042 (Windows 10) AMD64', '2022-02-01 14:57:09', '', '', '::1', '192.168.29.81', 'Chrome'),
(129, 4, 'Windows NT DESKTOP-SURN24G 10.0 build 19042 (Windows 10) AMD64', '2022-02-01 14:57:09', '', '', '::1', '192.168.29.81', 'Chrome'),
(130, 4, 'Windows NT DESKTOP-SURN24G 10.0 build 19042 (Windows 10) AMD64', '2022-02-01 14:57:09', '', '', '::1', '192.168.29.81', 'Chrome'),
(131, 4, 'Windows NT DESKTOP-SURN24G 10.0 build 19042 (Windows 10) AMD64', '2022-02-01 14:57:09', '', '', '::1', '192.168.29.81', 'Chrome'),
(132, 4, 'Windows NT DESKTOP-SURN24G 10.0 build 19042 (Windows 10) AMD64', '2022-02-01 14:57:09', '', '', '::1', '192.168.29.81', 'Chrome'),
(133, 4, 'Windows NT DESKTOP-SURN24G 10.0 build 19042 (Windows 10) AMD64', '2022-02-01 14:57:09', '', '', '::1', '192.168.29.81', 'Chrome'),
(134, 4, 'Windows NT DESKTOP-SURN24G 10.0 build 19042 (Windows 10) AMD64', '2022-02-01 14:57:09', '', '', '::1', '192.168.29.81', 'Chrome'),
(135, 4, 'Windows NT DESKTOP-SURN24G 10.0 build 19042 (Windows 10) AMD64', '2022-02-01 14:57:09', '', '', '::1', '192.168.29.81', 'Chrome'),
(136, 4, 'Windows NT DESKTOP-SURN24G 10.0 build 19042 (Windows 10) AMD64', '2022-02-01 14:57:09', '', '', '::1', '192.168.29.81', 'Chrome'),
(137, 4, 'Windows NT DESKTOP-SURN24G 10.0 build 19042 (Windows 10) AMD64', '2022-02-01 14:57:09', '', '', '::1', '192.168.29.81', 'Chrome'),
(138, 4, 'Windows NT DESKTOP-SURN24G 10.0 build 19042 (Windows 10) AMD64', '2022-02-01 14:57:09', '', '', '::1', '192.168.29.81', 'Chrome'),
(139, 4, 'Windows NT DESKTOP-SURN24G 10.0 build 19042 (Windows 10) AMD64', '2022-02-01 14:57:09', '', '', '::1', '192.168.29.81', 'Chrome'),
(140, 4, 'Windows NT DESKTOP-SURN24G 10.0 build 19042 (Windows 10) AMD64', '2022-02-01 14:57:09', '', '', '::1', '192.168.29.81', 'Chrome'),
(141, 4, 'Windows NT DESKTOP-SURN24G 10.0 build 19042 (Windows 10) AMD64', '2022-02-01 14:57:09', '', '', '::1', '192.168.29.81', 'Chrome'),
(142, 4, 'Windows NT DESKTOP-SURN24G 10.0 build 19042 (Windows 10) AMD64', '2022-02-01 14:57:09', '', '', '::1', '192.168.29.81', 'Chrome'),
(143, 4, 'Windows NT DESKTOP-SURN24G 10.0 build 19042 (Windows 10) AMD64', '2022-02-01 14:57:09', '', '', '::1', '192.168.29.81', 'Chrome'),
(144, 4, 'Windows NT DESKTOP-SURN24G 10.0 build 19042 (Windows 10) AMD64', '2022-02-01 14:57:14', '', '', '::1', '192.168.29.81', 'Chrome'),
(145, 4, 'Windows NT DESKTOP-SURN24G 10.0 build 19042 (Windows 10) AMD64', '2022-02-01 14:57:14', '', '', '::1', '192.168.29.81', 'Chrome'),
(146, 4, 'Windows NT DESKTOP-SURN24G 10.0 build 19042 (Windows 10) AMD64', '2022-02-01 14:57:14', '', '', '::1', '192.168.29.81', 'Chrome'),
(147, 4, 'Windows NT DESKTOP-SURN24G 10.0 build 19042 (Windows 10) AMD64', '2022-02-01 14:57:14', '', '', '::1', '192.168.29.81', 'Chrome'),
(148, 4, 'Windows NT DESKTOP-SURN24G 10.0 build 19042 (Windows 10) AMD64', '2022-02-01 14:57:14', '', '', '::1', '192.168.29.81', 'Chrome'),
(149, 4, 'Windows NT DESKTOP-SURN24G 10.0 build 19042 (Windows 10) AMD64', '2022-02-01 14:57:15', '', '', '::1', '192.168.29.81', 'Chrome'),
(150, 4, 'Windows NT DESKTOP-SURN24G 10.0 build 19042 (Windows 10) AMD64', '2022-02-01 14:57:15', '', '', '::1', '192.168.29.81', 'Chrome'),
(151, 4, 'Windows NT DESKTOP-SURN24G 10.0 build 19042 (Windows 10) AMD64', '2022-02-01 14:57:15', '', '', '::1', '192.168.29.81', 'Chrome'),
(152, 4, 'Windows NT DESKTOP-SURN24G 10.0 build 19042 (Windows 10) AMD64', '2022-02-01 14:57:15', '', '', '::1', '192.168.29.81', 'Chrome'),
(153, 4, 'Windows NT DESKTOP-SURN24G 10.0 build 19042 (Windows 10) AMD64', '2022-02-01 14:57:15', '', '', '::1', '192.168.29.81', 'Chrome'),
(154, 4, 'Windows NT DESKTOP-SURN24G 10.0 build 19042 (Windows 10) AMD64', '2022-02-01 14:57:15', '', '', '::1', '192.168.29.81', 'Chrome'),
(155, 4, 'Windows NT DESKTOP-SURN24G 10.0 build 19042 (Windows 10) AMD64', '2022-02-01 14:57:15', '', '', '::1', '192.168.29.81', 'Chrome'),
(156, 4, 'Windows NT DESKTOP-SURN24G 10.0 build 19042 (Windows 10) AMD64', '2022-02-01 14:57:15', '', '', '::1', '192.168.29.81', 'Chrome'),
(157, 4, 'Windows NT DESKTOP-SURN24G 10.0 build 19042 (Windows 10) AMD64', '2022-02-01 14:57:15', '', '', '::1', '192.168.29.81', 'Chrome'),
(158, 4, 'Windows NT DESKTOP-SURN24G 10.0 build 19042 (Windows 10) AMD64', '2022-02-01 14:57:15', '', '', '::1', '192.168.29.81', 'Chrome'),
(159, 4, 'Windows NT DESKTOP-SURN24G 10.0 build 19042 (Windows 10) AMD64', '2022-02-01 14:57:15', '', '', '::1', '192.168.29.81', 'Chrome'),
(160, 4, 'Windows NT DESKTOP-SURN24G 10.0 build 19042 (Windows 10) AMD64', '2022-02-01 14:57:15', '', '', '::1', '192.168.29.81', 'Chrome'),
(161, 4, 'Windows NT DESKTOP-SURN24G 10.0 build 19042 (Windows 10) AMD64', '2022-02-01 14:57:15', '', '', '::1', '192.168.29.81', 'Chrome'),
(162, 4, 'Windows NT DESKTOP-SURN24G 10.0 build 19042 (Windows 10) AMD64', '2022-02-01 14:57:15', '', '', '::1', '192.168.29.81', 'Chrome'),
(163, 4, 'Windows NT DESKTOP-SURN24G 10.0 build 19042 (Windows 10) AMD64', '2022-02-01 14:57:15', '', '', '::1', '192.168.29.81', 'Chrome'),
(164, 4, 'Windows NT DESKTOP-SURN24G 10.0 build 19042 (Windows 10) AMD64', '2022-02-01 14:57:40', '', '', '::1', '192.168.29.81', 'Chrome'),
(165, 4, 'Windows NT DESKTOP-SURN24G 10.0 build 19042 (Windows 10) AMD64', '2022-02-01 14:57:56', '', '', '::1', '192.168.29.81', 'Chrome'),
(166, 4, 'Windows NT DESKTOP-SURN24G 10.0 build 19042 (Windows 10) AMD64', '2022-02-01 14:58:28', '', '', '::1', '192.168.29.81', 'Chrome'),
(167, 4, 'Windows NT DESKTOP-SURN24G 10.0 build 19042 (Windows 10) AMD64', '2022-02-01 14:59:28', '', '', '::1', '192.168.29.81', 'Chrome'),
(168, 4, 'Windows NT DESKTOP-SURN24G 10.0 build 19042 (Windows 10) AMD64', '2022-02-01 15:01:12', '', '', '::1', '192.168.29.81', 'Chrome'),
(169, 4, 'Windows NT DESKTOP-SURN24G 10.0 build 19042 (Windows 10) AMD64', '2022-02-01 15:01:41', '', '', '::1', '192.168.29.81', 'Chrome'),
(170, NULL, 'Windows NT DESKTOP-SURN24G 10.0 build 19042 (Windows 10) AMD64', '2022-02-01 15:02:42', '', '', '::1', '192.168.29.81', 'Opera'),
(171, NULL, 'Windows NT DESKTOP-SURN24G 10.0 build 19042 (Windows 10) AMD64', '2022-02-01 15:03:46', '', '', '::1', '192.168.29.81', 'Chrome'),
(172, NULL, 'Windows NT DESKTOP-SURN24G 10.0 build 19042 (Windows 10) AMD64', '2022-02-01 15:08:46', '', '', '::1', '192.168.29.81', 'Chrome'),
(173, NULL, 'Windows NT DESKTOP-SURN24G 10.0 build 19042 (Windows 10) AMD64', '2022-02-01 15:08:46', '', '', '::1', '192.168.29.81', 'Chrome'),
(174, NULL, 'Windows NT DESKTOP-SURN24G 10.0 build 19042 (Windows 10) AMD64', '2022-02-01 15:08:47', '', '', '::1', '192.168.29.81', 'Chrome'),
(175, NULL, 'Windows NT DESKTOP-SURN24G 10.0 build 19042 (Windows 10) AMD64', '2022-02-01 15:08:47', '', '', '::1', '192.168.29.81', 'Chrome'),
(176, NULL, 'Windows NT DESKTOP-SURN24G 10.0 build 19042 (Windows 10) AMD64', '2022-02-01 15:08:47', '', '', '::1', '192.168.29.81', 'Chrome'),
(177, NULL, 'Windows NT DESKTOP-SURN24G 10.0 build 19042 (Windows 10) AMD64', '2022-02-01 15:08:48', '', '', '::1', '192.168.29.81', 'Chrome'),
(178, NULL, 'Windows NT DESKTOP-SURN24G 10.0 build 19042 (Windows 10) AMD64', '2022-02-01 15:08:48', '', '', '::1', '192.168.29.81', 'Chrome'),
(179, NULL, 'Windows NT DESKTOP-SURN24G 10.0 build 19042 (Windows 10) AMD64', '2022-02-01 15:08:49', '', '', '::1', '192.168.29.81', 'Chrome'),
(180, NULL, 'Windows NT DESKTOP-SURN24G 10.0 build 19042 (Windows 10) AMD64', '2022-02-01 15:08:49', '', '', '::1', '192.168.29.81', 'Chrome'),
(181, NULL, 'Windows NT DESKTOP-SURN24G 10.0 build 19042 (Windows 10) AMD64', '2022-02-01 15:08:50', '', '', '::1', '192.168.29.81', 'Chrome'),
(182, NULL, 'Windows NT DESKTOP-SURN24G 10.0 build 19042 (Windows 10) AMD64', '2022-02-01 15:08:50', '', '', '::1', '192.168.29.81', 'Chrome'),
(183, NULL, 'Windows NT DESKTOP-SURN24G 10.0 build 19042 (Windows 10) AMD64', '2022-02-01 15:08:50', '', '', '::1', '192.168.29.81', 'Chrome'),
(184, NULL, 'Windows NT DESKTOP-SURN24G 10.0 build 19042 (Windows 10) AMD64', '2022-02-01 15:08:50', '', '', '::1', '192.168.29.81', 'Chrome'),
(185, NULL, 'Windows NT DESKTOP-SURN24G 10.0 build 19042 (Windows 10) AMD64', '2022-02-01 15:08:50', '', '', '::1', '192.168.29.81', 'Chrome'),
(186, NULL, 'Windows NT DESKTOP-SURN24G 10.0 build 19042 (Windows 10) AMD64', '2022-02-01 15:08:50', '', '', '::1', '192.168.29.81', 'Chrome'),
(187, 4, 'Windows NT DESKTOP-SURN24G 10.0 build 19042 (Windows 10) AMD64', '2022-02-01 15:09:56', '', '', '::1', '192.168.29.81', 'Chrome'),
(188, 2, 'Windows NT DESKTOP-SURN24G 10.0 build 19042 (Windows 10) AMD64', '2022-02-01 15:10:09', '', '', '::1', '192.168.29.81', 'Opera'),
(189, 4, 'Windows NT DESKTOP-SURN24G 10.0 build 19042 (Windows 10) AMD64', '2022-02-01 15:11:34', '', '', '::1', '192.168.29.81', 'Chrome'),
(190, 4, 'Windows NT DESKTOP-SURN24G 10.0 build 19042 (Windows 10) AMD64', '2022-02-01 15:11:38', '', '', '::1', '192.168.29.81', 'Chrome'),
(191, 2, 'Windows NT DESKTOP-SURN24G 10.0 build 19042 (Windows 10) AMD64', '2022-02-01 15:12:01', '', '', '::1', '192.168.29.81', 'Opera'),
(192, 2, 'Windows NT DESKTOP-SURN24G 10.0 build 19042 (Windows 10) AMD64', '2022-02-01 15:12:03', '', '', '::1', '192.168.29.81', 'Opera'),
(193, 2, 'Windows NT DESKTOP-SURN24G 10.0 build 19042 (Windows 10) AMD64', '2022-02-01 15:12:29', '', '', '::1', '192.168.29.81', 'Opera'),
(194, 4, 'Windows NT DESKTOP-SURN24G 10.0 build 19042 (Windows 10) AMD64', '2022-02-01 15:12:48', '', '', '::1', '192.168.29.81', 'Chrome'),
(195, 4, 'Windows NT DESKTOP-SURN24G 10.0 build 19042 (Windows 10) AMD64', '2022-02-01 15:13:41', '', '', '::1', '192.168.29.81', 'Chrome'),
(196, 4, 'Windows NT DESKTOP-SURN24G 10.0 build 19042 (Windows 10) AMD64', '2022-02-01 15:17:18', '', '', '::1', '192.168.29.81', 'Chrome'),
(197, 4, 'Windows NT DESKTOP-SURN24G 10.0 build 19042 (Windows 10) AMD64', '2022-02-01 15:17:20', '', '', '::1', '192.168.29.81', 'Chrome'),
(198, 4, 'Windows NT DESKTOP-SURN24G 10.0 build 19042 (Windows 10) AMD64', '2022-02-01 15:17:30', '', '', '::1', '192.168.29.81', 'Opera'),
(199, 4, 'Windows NT DESKTOP-SURN24G 10.0 build 19042 (Windows 10) AMD64', '2022-02-01 15:17:51', '', '', '::1', '192.168.29.81', 'Opera'),
(200, 4, 'Windows NT DESKTOP-SURN24G 10.0 build 19042 (Windows 10) AMD64', '2022-02-01 15:17:52', '', '', '::1', '192.168.29.81', 'Opera'),
(201, 4, 'Windows NT DESKTOP-SURN24G 10.0 build 19042 (Windows 10) AMD64', '2022-02-01 15:17:52', '', '', '::1', '192.168.29.81', 'Opera'),
(202, 6, 'Windows NT DESKTOP-SURN24G 10.0 build 19042 (Windows 10) AMD64', '2022-02-01 15:19:01', '', '', '::1', '192.168.29.81', 'Chrome'),
(203, 6, 'Windows NT DESKTOP-SURN24G 10.0 build 19042 (Windows 10) AMD64', '2022-02-01 15:19:30', '', '', '::1', '192.168.29.81', 'Opera'),
(204, 6, 'Windows NT DESKTOP-SURN24G 10.0 build 19042 (Windows 10) AMD64', '2022-02-01 15:21:14', '', '', '::1', '192.168.29.81', 'Chrome'),
(205, 6, 'Windows NT DESKTOP-SURN24G 10.0 build 19042 (Windows 10) AMD64', '2022-02-01 15:21:15', '', '', '::1', '192.168.29.81', 'Chrome'),
(206, 6, 'Windows NT DESKTOP-SURN24G 10.0 build 19042 (Windows 10) AMD64', '2022-02-01 15:21:15', '', '', '::1', '192.168.29.81', 'Chrome'),
(207, 6, 'Windows NT DESKTOP-SURN24G 10.0 build 19042 (Windows 10) AMD64', '2022-02-01 15:22:04', '', '', '::1', '192.168.29.81', 'Chrome'),
(208, 6, 'Windows NT DESKTOP-SURN24G 10.0 build 19042 (Windows 10) AMD64', '2022-02-01 15:22:13', '', '', '::1', '192.168.29.81', 'Chrome'),
(209, 6, 'Windows NT DESKTOP-SURN24G 10.0 build 19042 (Windows 10) AMD64', '2022-02-01 15:22:20', '', '', '::1', '192.168.29.81', 'Chrome'),
(210, 6, 'Windows NT DESKTOP-SURN24G 10.0 build 19042 (Windows 10) AMD64', '2022-02-01 15:22:24', '', '', '::1', '192.168.29.81', 'Chrome'),
(211, 6, 'Windows NT DESKTOP-SURN24G 10.0 build 19042 (Windows 10) AMD64', '2022-02-01 15:23:01', '', '', '::1', '192.168.29.81', 'Chrome'),
(212, 6, 'Windows NT DESKTOP-SURN24G 10.0 build 19042 (Windows 10) AMD64', '2022-02-01 15:26:18', '', '', '::1', '192.168.29.81', 'Chrome'),
(213, 6, 'Windows NT DESKTOP-SURN24G 10.0 build 19042 (Windows 10) AMD64', '2022-02-01 15:29:34', '', '', '::1', '192.168.29.81', 'Chrome'),
(214, 6, 'Windows NT DESKTOP-SURN24G 10.0 build 19042 (Windows 10) AMD64', '2022-02-01 15:29:52', '', '', '::1', '192.168.29.81', 'Chrome'),
(215, 6, 'Windows NT DESKTOP-SURN24G 10.0 build 19042 (Windows 10) AMD64', '2022-02-01 15:31:17', '', '', '::1', '192.168.29.81', 'Chrome'),
(216, 6, 'Windows NT DESKTOP-SURN24G 10.0 build 19042 (Windows 10) AMD64', '2022-02-01 15:33:18', '', '', '::1', '192.168.29.81', 'Chrome'),
(217, 6, 'Windows NT DESKTOP-SURN24G 10.0 build 19042 (Windows 10) AMD64', '2022-02-01 15:33:40', '', '', '::1', '192.168.29.81', 'Chrome'),
(218, 6, 'Windows NT DESKTOP-SURN24G 10.0 build 19042 (Windows 10) AMD64', '2022-02-01 15:35:01', '', '', '::1', '192.168.29.81', 'Chrome'),
(219, 6, 'Windows NT DESKTOP-SURN24G 10.0 build 19042 (Windows 10) AMD64', '2022-02-01 15:35:18', '', '', '::1', '192.168.29.81', 'Chrome'),
(220, 6, 'Windows NT DESKTOP-SURN24G 10.0 build 19042 (Windows 10) AMD64', '2022-02-01 15:37:03', '', '', '::1', '192.168.29.81', 'Chrome'),
(221, 6, 'Windows NT DESKTOP-SURN24G 10.0 build 19042 (Windows 10) AMD64', '2022-02-01 15:37:24', '', '', '::1', '192.168.29.81', 'Chrome'),
(222, 6, 'Windows NT DESKTOP-SURN24G 10.0 build 19042 (Windows 10) AMD64', '2022-02-01 15:37:35', '', '', '::1', '192.168.29.81', 'Chrome'),
(223, 6, 'Windows NT DESKTOP-SURN24G 10.0 build 19042 (Windows 10) AMD64', '2022-02-01 15:37:47', '', '', '::1', '192.168.29.81', 'Chrome'),
(224, 6, 'Windows NT DESKTOP-SURN24G 10.0 build 19042 (Windows 10) AMD64', '2022-02-01 15:37:54', '', '', '::1', '192.168.29.81', 'Chrome'),
(225, 6, 'Windows NT DESKTOP-SURN24G 10.0 build 19042 (Windows 10) AMD64', '2022-02-01 15:37:55', '', '', '::1', '192.168.29.81', 'Chrome'),
(226, 6, 'Windows NT DESKTOP-SURN24G 10.0 build 19042 (Windows 10) AMD64', '2022-02-01 15:37:55', '', '', '::1', '192.168.29.81', 'Chrome'),
(227, 6, 'Windows NT DESKTOP-SURN24G 10.0 build 19042 (Windows 10) AMD64', '2022-02-01 15:37:55', '', '', '::1', '192.168.29.81', 'Chrome'),
(228, 6, 'Windows NT DESKTOP-SURN24G 10.0 build 19042 (Windows 10) AMD64', '2022-02-01 15:38:26', '', '', '::1', '192.168.29.81', 'Chrome'),
(229, 6, 'Windows NT DESKTOP-SURN24G 10.0 build 19042 (Windows 10) AMD64', '2022-02-01 15:38:34', '', '', '::1', '192.168.29.81', 'Chrome'),
(230, 6, 'Windows NT DESKTOP-SURN24G 10.0 build 19042 (Windows 10) AMD64', '2022-02-01 15:38:48', '', '', '::1', '192.168.29.81', 'Chrome'),
(231, 6, 'Windows NT DESKTOP-SURN24G 10.0 build 19042 (Windows 10) AMD64', '2022-02-01 15:38:49', '', '', '::1', '192.168.29.81', 'Chrome'),
(232, 6, 'Windows NT DESKTOP-SURN24G 10.0 build 19042 (Windows 10) AMD64', '2022-02-01 15:39:06', '', '', '::1', '192.168.29.81', 'Chrome'),
(233, 6, 'Windows NT DESKTOP-SURN24G 10.0 build 19042 (Windows 10) AMD64', '2022-02-01 15:39:31', '', '', '::1', '192.168.29.81', 'Chrome'),
(234, 6, 'Windows NT DESKTOP-SURN24G 10.0 build 19042 (Windows 10) AMD64', '2022-02-01 15:39:32', '', '', '::1', '192.168.29.81', 'Chrome'),
(235, 6, 'Windows NT DESKTOP-SURN24G 10.0 build 19042 (Windows 10) AMD64', '2022-02-01 15:39:32', '', '', '::1', '192.168.29.81', 'Chrome'),
(236, 6, 'Windows NT DESKTOP-SURN24G 10.0 build 19042 (Windows 10) AMD64', '2022-02-01 15:39:32', '', '', '::1', '192.168.29.81', 'Chrome'),
(237, 6, 'Windows NT DESKTOP-SURN24G 10.0 build 19042 (Windows 10) AMD64', '2022-02-01 15:39:32', '', '', '::1', '192.168.29.81', 'Chrome'),
(238, 6, 'Windows NT DESKTOP-SURN24G 10.0 build 19042 (Windows 10) AMD64', '2022-02-01 15:39:49', '', '', '::1', '192.168.29.81', 'Chrome'),
(239, 6, 'Windows NT DESKTOP-SURN24G 10.0 build 19042 (Windows 10) AMD64', '2022-02-01 15:39:59', '', '', '::1', '192.168.29.81', 'Chrome'),
(240, 6, 'Windows NT DESKTOP-SURN24G 10.0 build 19042 (Windows 10) AMD64', '2022-02-01 15:40:09', '', '', '::1', '192.168.29.81', 'Chrome'),
(241, 6, 'Windows NT DESKTOP-SURN24G 10.0 build 19042 (Windows 10) AMD64', '2022-02-01 15:40:10', '', '', '::1', '192.168.29.81', 'Chrome'),
(242, 6, 'Windows NT DESKTOP-SURN24G 10.0 build 19042 (Windows 10) AMD64', '2022-02-01 15:40:17', '', '', '::1', '192.168.29.81', 'Chrome'),
(243, 6, 'Windows NT DESKTOP-SURN24G 10.0 build 19042 (Windows 10) AMD64', '2022-02-01 15:40:18', '', '', '::1', '192.168.29.81', 'Chrome'),
(244, 6, 'Windows NT DESKTOP-SURN24G 10.0 build 19042 (Windows 10) AMD64', '2022-02-01 15:40:18', '', '', '::1', '192.168.29.81', 'Chrome'),
(245, 6, 'Windows NT DESKTOP-SURN24G 10.0 build 19042 (Windows 10) AMD64', '2022-02-01 15:40:18', '', '', '::1', '192.168.29.81', 'Chrome'),
(246, 6, 'Windows NT DESKTOP-SURN24G 10.0 build 19042 (Windows 10) AMD64', '2022-02-01 15:40:25', '', '', '::1', '192.168.29.81', 'Chrome'),
(247, 6, 'Windows NT DESKTOP-SURN24G 10.0 build 19042 (Windows 10) AMD64', '2022-02-01 15:40:26', '', '', '::1', '192.168.29.81', 'Chrome'),
(248, 6, 'Windows NT DESKTOP-SURN24G 10.0 build 19042 (Windows 10) AMD64', '2022-02-01 15:40:33', '', '', '::1', '192.168.29.81', 'Chrome'),
(249, 6, 'Windows NT DESKTOP-SURN24G 10.0 build 19042 (Windows 10) AMD64', '2022-02-01 15:40:33', '', '', '::1', '192.168.29.81', 'Chrome'),
(250, 6, 'Windows NT DESKTOP-SURN24G 10.0 build 19042 (Windows 10) AMD64', '2022-02-01 15:40:38', '', '', '::1', '192.168.29.81', 'Chrome'),
(251, 6, 'Windows NT DESKTOP-SURN24G 10.0 build 19042 (Windows 10) AMD64', '2022-02-01 15:41:43', '', '', '::1', '192.168.29.81', 'Chrome'),
(252, 6, 'Windows NT DESKTOP-SURN24G 10.0 build 19042 (Windows 10) AMD64', '2022-02-01 15:42:11', '', '', '::1', '192.168.29.81', 'Chrome'),
(253, 6, 'Windows NT DESKTOP-SURN24G 10.0 build 19042 (Windows 10) AMD64', '2022-02-01 15:43:33', '', '', '::1', '192.168.29.81', 'Chrome'),
(254, 6, 'Windows NT DESKTOP-SURN24G 10.0 build 19042 (Windows 10) AMD64', '2022-02-01 15:45:03', '', '', '::1', '192.168.29.81', 'Chrome'),
(255, 6, 'Windows NT DESKTOP-SURN24G 10.0 build 19042 (Windows 10) AMD64', '2022-02-01 15:45:04', '', '', '::1', '192.168.29.81', 'Chrome'),
(256, 6, 'Windows NT DESKTOP-SURN24G 10.0 build 19042 (Windows 10) AMD64', '2022-02-01 15:45:10', '', '', '::1', '192.168.29.81', 'Chrome'),
(257, 6, 'Windows NT DESKTOP-SURN24G 10.0 build 19042 (Windows 10) AMD64', '2022-02-01 15:46:47', '', '', '::1', '192.168.29.81', 'Chrome'),
(258, 6, 'Windows NT DESKTOP-SURN24G 10.0 build 19042 (Windows 10) AMD64', '2022-02-01 15:46:59', '', '', '::1', '192.168.29.81', 'Chrome'),
(259, 6, 'Windows NT DESKTOP-SURN24G 10.0 build 19042 (Windows 10) AMD64', '2022-02-01 15:47:00', '', '', '::1', '192.168.29.81', 'Chrome'),
(260, 6, 'Windows NT DESKTOP-SURN24G 10.0 build 19042 (Windows 10) AMD64', '2022-02-01 15:47:17', '', '', '::1', '192.168.29.81', 'Chrome'),
(261, 6, 'Windows NT DESKTOP-SURN24G 10.0 build 19042 (Windows 10) AMD64', '2022-02-01 15:50:38', '', '', '::1', '192.168.29.81', 'Chrome'),
(262, 2, 'Windows NT DESKTOP-SURN24G 10.0 build 19042 (Windows 10) AMD64', '2022-02-01 15:50:38', '', '', '::1', '192.168.29.81', 'Chrome'),
(263, 2, 'Windows NT DESKTOP-SURN24G 10.0 build 19042 (Windows 10) AMD64', '2022-02-01 15:50:38', '', '', '::1', '192.168.29.81', 'Chrome'),
(264, 2, 'Windows NT DESKTOP-SURN24G 10.0 build 19042 (Windows 10) AMD64', '2022-02-01 15:50:39', '', '', '::1', '192.168.29.81', 'Chrome'),
(265, 2, 'Windows NT DESKTOP-SURN24G 10.0 build 19042 (Windows 10) AMD64', '2022-02-01 15:50:39', '', '', '::1', '192.168.29.81', 'Chrome'),
(266, 2, 'Windows NT DESKTOP-SURN24G 10.0 build 19042 (Windows 10) AMD64', '2022-02-01 15:50:39', '', '', '::1', '192.168.29.81', 'Chrome'),
(267, 2, 'Windows NT DESKTOP-SURN24G 10.0 build 19042 (Windows 10) AMD64', '2022-02-01 15:50:39', '', '', '::1', '192.168.29.81', 'Chrome'),
(268, 2, 'Windows NT DESKTOP-SURN24G 10.0 build 19042 (Windows 10) AMD64', '2022-02-01 15:50:39', '', '', '::1', '192.168.29.81', 'Chrome'),
(269, 2, 'Windows NT DESKTOP-SURN24G 10.0 build 19042 (Windows 10) AMD64', '2022-02-01 15:50:39', '', '', '::1', '192.168.29.81', 'Chrome'),
(270, 2, 'Windows NT DESKTOP-SURN24G 10.0 build 19042 (Windows 10) AMD64', '2022-02-01 15:50:39', '', '', '::1', '192.168.29.81', 'Chrome'),
(271, 2, 'Windows NT DESKTOP-SURN24G 10.0 build 19042 (Windows 10) AMD64', '2022-02-01 15:50:40', '', '', '::1', '192.168.29.81', 'Chrome'),
(272, 2, 'Windows NT DESKTOP-SURN24G 10.0 build 19042 (Windows 10) AMD64', '2022-02-01 15:50:40', '', '', '::1', '192.168.29.81', 'Chrome'),
(273, 2, 'Windows NT DESKTOP-SURN24G 10.0 build 19042 (Windows 10) AMD64', '2022-02-01 15:50:40', '', '', '::1', '192.168.29.81', 'Chrome'),
(274, 2, 'Windows NT DESKTOP-SURN24G 10.0 build 19042 (Windows 10) AMD64', '2022-02-01 15:50:40', '', '', '::1', '192.168.29.81', 'Chrome'),
(275, 2, 'Windows NT DESKTOP-SURN24G 10.0 build 19042 (Windows 10) AMD64', '2022-02-01 15:50:40', '', '', '::1', '192.168.29.81', 'Chrome'),
(276, 2, 'Windows NT DESKTOP-SURN24G 10.0 build 19042 (Windows 10) AMD64', '2022-02-01 15:50:40', '', '', '::1', '192.168.29.81', 'Chrome'),
(277, 2, 'Windows NT DESKTOP-SURN24G 10.0 build 19042 (Windows 10) AMD64', '2022-02-01 15:50:40', '', '', '::1', '192.168.29.81', 'Chrome'),
(278, 2, 'Windows NT DESKTOP-SURN24G 10.0 build 19042 (Windows 10) AMD64', '2022-02-01 15:50:41', '', '', '::1', '192.168.29.81', 'Chrome'),
(279, 2, 'Windows NT DESKTOP-SURN24G 10.0 build 19042 (Windows 10) AMD64', '2022-02-01 15:50:41', '', '', '::1', '192.168.29.81', 'Chrome'),
(280, 2, 'Windows NT DESKTOP-SURN24G 10.0 build 19042 (Windows 10) AMD64', '2022-02-01 15:50:41', '', '', '::1', '192.168.29.81', 'Chrome'),
(281, 2, 'Windows NT DESKTOP-SURN24G 10.0 build 19042 (Windows 10) AMD64', '2022-02-01 15:50:41', '', '', '::1', '192.168.29.81', 'Chrome'),
(282, 2, 'Windows NT DESKTOP-SURN24G 10.0 build 19042 (Windows 10) AMD64', '2022-02-01 15:50:41', '', '', '::1', '192.168.29.81', 'Chrome'),
(283, 2, 'Windows NT DESKTOP-SURN24G 10.0 build 19042 (Windows 10) AMD64', '2022-02-01 15:50:41', '', '', '::1', '192.168.29.81', 'Chrome'),
(284, 2, 'Windows NT DESKTOP-SURN24G 10.0 build 19042 (Windows 10) AMD64', '2022-02-01 15:50:42', '', '', '::1', '192.168.29.81', 'Chrome'),
(285, 2, 'Windows NT DESKTOP-SURN24G 10.0 build 19042 (Windows 10) AMD64', '2022-02-01 15:50:42', '', '', '::1', '192.168.29.81', 'Chrome'),
(286, 2, 'Windows NT DESKTOP-SURN24G 10.0 build 19042 (Windows 10) AMD64', '2022-02-01 15:50:42', '', '', '::1', '192.168.29.81', 'Chrome'),
(287, 2, 'Windows NT DESKTOP-SURN24G 10.0 build 19042 (Windows 10) AMD64', '2022-02-01 15:50:42', '', '', '::1', '192.168.29.81', 'Chrome'),
(288, 2, 'Windows NT DESKTOP-SURN24G 10.0 build 19042 (Windows 10) AMD64', '2022-02-01 15:50:42', '', '', '::1', '192.168.29.81', 'Chrome'),
(289, 2, 'Windows NT DESKTOP-SURN24G 10.0 build 19042 (Windows 10) AMD64', '2022-02-01 15:50:42', '', '', '::1', '192.168.29.81', 'Chrome'),
(290, 2, 'Windows NT DESKTOP-SURN24G 10.0 build 19042 (Windows 10) AMD64', '2022-02-01 15:50:42', '', '', '::1', '192.168.29.81', 'Chrome'),
(291, 2, 'Windows NT DESKTOP-SURN24G 10.0 build 19042 (Windows 10) AMD64', '2022-02-01 15:50:43', '', '', '::1', '192.168.29.81', 'Chrome'),
(292, 2, 'Windows NT DESKTOP-SURN24G 10.0 build 19042 (Windows 10) AMD64', '2022-02-01 15:50:43', '', '', '::1', '192.168.29.81', 'Chrome'),
(293, 2, 'Windows NT DESKTOP-SURN24G 10.0 build 19042 (Windows 10) AMD64', '2022-02-01 15:50:43', '', '', '::1', '192.168.29.81', 'Chrome'),
(294, 2, 'Windows NT DESKTOP-SURN24G 10.0 build 19042 (Windows 10) AMD64', '2022-02-01 15:50:43', '', '', '::1', '192.168.29.81', 'Chrome'),
(295, 2, 'Windows NT DESKTOP-SURN24G 10.0 build 19042 (Windows 10) AMD64', '2022-02-01 15:50:43', '', '', '::1', '192.168.29.81', 'Chrome'),
(296, 2, 'Windows NT DESKTOP-SURN24G 10.0 build 19042 (Windows 10) AMD64', '2022-02-01 15:50:44', '', '', '::1', '192.168.29.81', 'Chrome'),
(297, 2, 'Windows NT DESKTOP-SURN24G 10.0 build 19042 (Windows 10) AMD64', '2022-02-01 15:50:44', '', '', '::1', '192.168.29.81', 'Chrome'),
(298, 2, 'Windows NT DESKTOP-SURN24G 10.0 build 19042 (Windows 10) AMD64', '2022-02-01 15:50:44', '', '', '::1', '192.168.29.81', 'Chrome'),
(299, 2, 'Windows NT DESKTOP-SURN24G 10.0 build 19042 (Windows 10) AMD64', '2022-02-01 15:50:44', '', '', '::1', '192.168.29.81', 'Chrome'),
(300, 2, 'Windows NT DESKTOP-SURN24G 10.0 build 19042 (Windows 10) AMD64', '2022-02-01 15:50:44', '', '', '::1', '192.168.29.81', 'Chrome'),
(301, 2, 'Windows NT DESKTOP-SURN24G 10.0 build 19042 (Windows 10) AMD64', '2022-02-01 15:50:44', '', '', '::1', '192.168.29.81', 'Chrome'),
(302, 2, 'Windows NT DESKTOP-SURN24G 10.0 build 19042 (Windows 10) AMD64', '2022-02-01 15:50:44', '', '', '::1', '192.168.29.81', 'Chrome'),
(303, 2, 'Windows NT DESKTOP-SURN24G 10.0 build 19042 (Windows 10) AMD64', '2022-02-01 15:50:44', '', '', '::1', '192.168.29.81', 'Chrome'),
(304, 2, 'Windows NT DESKTOP-SURN24G 10.0 build 19042 (Windows 10) AMD64', '2022-02-01 15:50:45', '', '', '::1', '192.168.29.81', 'Chrome'),
(305, 2, 'Windows NT DESKTOP-SURN24G 10.0 build 19042 (Windows 10) AMD64', '2022-02-01 15:50:45', '', '', '::1', '192.168.29.81', 'Chrome'),
(306, 2, 'Windows NT DESKTOP-SURN24G 10.0 build 19042 (Windows 10) AMD64', '2022-02-01 15:50:45', '', '', '::1', '192.168.29.81', 'Chrome'),
(307, 2, 'Windows NT DESKTOP-SURN24G 10.0 build 19042 (Windows 10) AMD64', '2022-02-01 15:50:45', '', '', '::1', '192.168.29.81', 'Chrome'),
(308, 2, 'Windows NT DESKTOP-SURN24G 10.0 build 19042 (Windows 10) AMD64', '2022-02-01 15:50:45', '', '', '::1', '192.168.29.81', 'Chrome'),
(309, 2, 'Windows NT DESKTOP-SURN24G 10.0 build 19042 (Windows 10) AMD64', '2022-02-01 15:50:46', '', '', '::1', '192.168.29.81', 'Chrome'),
(310, 2, 'Windows NT DESKTOP-SURN24G 10.0 build 19042 (Windows 10) AMD64', '2022-02-01 15:50:46', '', '', '::1', '192.168.29.81', 'Chrome'),
(311, 2, 'Windows NT DESKTOP-SURN24G 10.0 build 19042 (Windows 10) AMD64', '2022-02-01 15:50:46', '', '', '::1', '192.168.29.81', 'Chrome'),
(312, 2, 'Windows NT DESKTOP-SURN24G 10.0 build 19042 (Windows 10) AMD64', '2022-02-01 15:50:46', '', '', '::1', '192.168.29.81', 'Chrome'),
(313, 2, 'Windows NT DESKTOP-SURN24G 10.0 build 19042 (Windows 10) AMD64', '2022-02-01 15:50:46', '', '', '::1', '192.168.29.81', 'Chrome'),
(314, 2, 'Windows NT DESKTOP-SURN24G 10.0 build 19042 (Windows 10) AMD64', '2022-02-01 15:50:46', '', '', '::1', '192.168.29.81', 'Chrome'),
(315, 2, 'Windows NT DESKTOP-SURN24G 10.0 build 19042 (Windows 10) AMD64', '2022-02-01 15:50:46', '', '', '::1', '192.168.29.81', 'Chrome'),
(316, 2, 'Windows NT DESKTOP-SURN24G 10.0 build 19042 (Windows 10) AMD64', '2022-02-01 15:50:47', '', '', '::1', '192.168.29.81', 'Chrome'),
(317, 2, 'Windows NT DESKTOP-SURN24G 10.0 build 19042 (Windows 10) AMD64', '2022-02-01 15:50:47', '', '', '::1', '192.168.29.81', 'Chrome'),
(318, 2, 'Windows NT DESKTOP-SURN24G 10.0 build 19042 (Windows 10) AMD64', '2022-02-01 15:50:47', '', '', '::1', '192.168.29.81', 'Chrome'),
(319, 2, 'Windows NT DESKTOP-SURN24G 10.0 build 19042 (Windows 10) AMD64', '2022-02-01 15:50:47', '', '', '::1', '192.168.29.81', 'Chrome'),
(320, 2, 'Windows NT DESKTOP-SURN24G 10.0 build 19042 (Windows 10) AMD64', '2022-02-01 15:50:47', '', '', '::1', '192.168.29.81', 'Chrome'),
(321, 2, 'Windows NT DESKTOP-SURN24G 10.0 build 19042 (Windows 10) AMD64', '2022-02-01 15:50:47', '', '', '::1', '192.168.29.81', 'Chrome'),
(322, 2, 'Windows NT DESKTOP-SURN24G 10.0 build 19042 (Windows 10) AMD64', '2022-02-01 15:50:47', '', '', '::1', '192.168.29.81', 'Chrome'),
(323, 2, 'Windows NT DESKTOP-SURN24G 10.0 build 19042 (Windows 10) AMD64', '2022-02-01 15:50:48', '', '', '::1', '192.168.29.81', 'Chrome'),
(324, 2, 'Windows NT DESKTOP-SURN24G 10.0 build 19042 (Windows 10) AMD64', '2022-02-01 15:50:48', '', '', '::1', '192.168.29.81', 'Chrome'),
(325, 2, 'Windows NT DESKTOP-SURN24G 10.0 build 19042 (Windows 10) AMD64', '2022-02-01 15:50:48', '', '', '::1', '192.168.29.81', 'Chrome'),
(326, 2, 'Windows NT DESKTOP-SURN24G 10.0 build 19042 (Windows 10) AMD64', '2022-02-01 15:50:48', '', '', '::1', '192.168.29.81', 'Chrome'),
(327, 2, 'Windows NT DESKTOP-SURN24G 10.0 build 19042 (Windows 10) AMD64', '2022-02-01 15:50:48', '', '', '::1', '192.168.29.81', 'Chrome'),
(328, 2, 'Windows NT DESKTOP-SURN24G 10.0 build 19042 (Windows 10) AMD64', '2022-02-01 15:50:49', '', '', '::1', '192.168.29.81', 'Chrome'),
(329, 2, 'Windows NT DESKTOP-SURN24G 10.0 build 19042 (Windows 10) AMD64', '2022-02-01 15:50:49', '', '', '::1', '192.168.29.81', 'Chrome'),
(330, 2, 'Windows NT DESKTOP-SURN24G 10.0 build 19042 (Windows 10) AMD64', '2022-02-01 15:50:49', '', '', '::1', '192.168.29.81', 'Chrome'),
(331, 2, 'Windows NT DESKTOP-SURN24G 10.0 build 19042 (Windows 10) AMD64', '2022-02-01 15:50:49', '', '', '::1', '192.168.29.81', 'Chrome'),
(332, 2, 'Windows NT DESKTOP-SURN24G 10.0 build 19042 (Windows 10) AMD64', '2022-02-01 15:50:49', '', '', '::1', '192.168.29.81', 'Chrome'),
(333, 2, 'Windows NT DESKTOP-SURN24G 10.0 build 19042 (Windows 10) AMD64', '2022-02-01 15:50:49', '', '', '::1', '192.168.29.81', 'Chrome'),
(334, 2, 'Windows NT DESKTOP-SURN24G 10.0 build 19042 (Windows 10) AMD64', '2022-02-01 15:50:49', '', '', '::1', '192.168.29.81', 'Chrome'),
(335, 2, 'Windows NT DESKTOP-SURN24G 10.0 build 19042 (Windows 10) AMD64', '2022-02-01 15:50:50', '', '', '::1', '192.168.29.81', 'Chrome'),
(336, 2, 'Windows NT DESKTOP-SURN24G 10.0 build 19042 (Windows 10) AMD64', '2022-02-01 15:51:16', '', '', '::1', '192.168.29.81', 'Chrome'),
(337, 2, 'Windows NT DESKTOP-SURN24G 10.0 build 19042 (Windows 10) AMD64', '2022-02-01 15:52:31', '', '', '::1', '192.168.29.81', 'Chrome'),
(338, 2, 'Windows NT DESKTOP-SURN24G 10.0 build 19042 (Windows 10) AMD64', '2022-02-01 15:52:32', '', '', '::1', '192.168.29.81', 'Chrome'),
(339, 2, 'Windows NT DESKTOP-SURN24G 10.0 build 19042 (Windows 10) AMD64', '2022-02-01 15:52:33', '', '', '::1', '192.168.29.81', 'Chrome'),
(340, 2, 'Windows NT DESKTOP-SURN24G 10.0 build 19042 (Windows 10) AMD64', '2022-02-01 15:52:45', '', '', '::1', '192.168.29.81', 'Chrome'),
(341, 2, 'Windows NT DESKTOP-SURN24G 10.0 build 19042 (Windows 10) AMD64', '2022-02-01 15:52:46', '', '', '::1', '192.168.29.81', 'Chrome'),
(342, 2, 'Windows NT DESKTOP-SURN24G 10.0 build 19042 (Windows 10) AMD64', '2022-02-01 15:53:51', '', '', '::1', '192.168.29.81', 'Chrome'),
(343, 2, 'Windows NT DESKTOP-SURN24G 10.0 build 19042 (Windows 10) AMD64', '2022-02-01 15:55:53', '', '', '::1', '192.168.29.81', 'Chrome'),
(344, 2, 'Windows NT DESKTOP-SURN24G 10.0 build 19042 (Windows 10) AMD64', '2022-02-01 15:55:55', '', '', '::1', '192.168.29.81', 'Chrome'),
(345, 6, 'Windows NT DESKTOP-SURN24G 10.0 build 19042 (Windows 10) AMD64', '2022-02-01 15:56:54', '', '', '::1', '192.168.29.81', 'Chrome'),
(346, 6, 'Windows NT DESKTOP-SURN24G 10.0 build 19042 (Windows 10) AMD64', '2022-02-01 15:57:05', '', '', '::1', '192.168.29.81', 'Chrome'),
(347, 6, 'Windows NT DESKTOP-SURN24G 10.0 build 19042 (Windows 10) AMD64', '2022-02-01 15:58:27', '', '', '::1', '192.168.29.81', 'Chrome'),
(348, 6, 'Windows NT DESKTOP-SURN24G 10.0 build 19042 (Windows 10) AMD64', '2022-02-01 15:59:23', '', '', '::1', '192.168.29.81', 'Chrome'),
(349, 6, 'Windows NT DESKTOP-SURN24G 10.0 build 19042 (Windows 10) AMD64', '2022-02-01 15:59:24', '', '', '::1', '192.168.29.81', 'Chrome'),
(350, 6, 'Windows NT DESKTOP-SURN24G 10.0 build 19042 (Windows 10) AMD64', '2022-02-01 15:59:56', '', '', '::1', '192.168.29.81', 'Chrome'),
(351, 6, 'Windows NT DESKTOP-SURN24G 10.0 build 19042 (Windows 10) AMD64', '2022-02-01 16:00:07', '', '', '::1', '192.168.29.81', 'Chrome'),
(352, 6, 'Windows NT DESKTOP-SURN24G 10.0 build 19042 (Windows 10) AMD64', '2022-02-01 16:03:01', '', '', '::1', '192.168.29.81', 'Chrome'),
(353, 6, 'Windows NT DESKTOP-SURN24G 10.0 build 19042 (Windows 10) AMD64', '2022-02-01 16:03:13', '', '', '::1', '192.168.29.81', 'Chrome'),
(354, 6, 'Windows NT DESKTOP-SURN24G 10.0 build 19042 (Windows 10) AMD64', '2022-02-01 16:03:32', '', '', '::1', '192.168.29.81', 'Chrome'),
(355, 6, 'Windows NT DESKTOP-SURN24G 10.0 build 19042 (Windows 10) AMD64', '2022-02-01 16:03:33', '', '', '::1', '192.168.29.81', 'Chrome'),
(356, 6, 'Windows NT DESKTOP-SURN24G 10.0 build 19042 (Windows 10) AMD64', '2022-02-01 16:04:31', '', '', '::1', '192.168.29.81', 'Chrome'),
(357, 6, 'Windows NT DESKTOP-SURN24G 10.0 build 19042 (Windows 10) AMD64', '2022-02-01 16:05:37', '', '', '::1', '192.168.29.81', 'Chrome'),
(358, 6, 'Windows NT DESKTOP-SURN24G 10.0 build 19042 (Windows 10) AMD64', '2022-02-01 16:05:55', '', '', '::1', '192.168.29.81', 'Chrome');
INSERT INTO `user_shared_data_tbl` (`user_shared_data_id`, `user_id`, `machine_info`, `scan_datetime`, `lat`, `long`, `remote_ip`, `local_machine_ip`, `browser_name`) VALUES
(359, 6, 'Windows NT DESKTOP-SURN24G 10.0 build 19042 (Windows 10) AMD64', '2022-02-01 16:06:08', '', '', '::1', '192.168.29.81', 'Chrome'),
(360, 6, 'Windows NT DESKTOP-SURN24G 10.0 build 19042 (Windows 10) AMD64', '2022-02-01 16:06:16', '', '', '::1', '192.168.29.81', 'Chrome'),
(361, 6, 'Windows NT DESKTOP-SURN24G 10.0 build 19042 (Windows 10) AMD64', '2022-02-01 16:06:35', '', '', '::1', '192.168.29.81', 'Chrome'),
(362, 6, 'Windows NT DESKTOP-SURN24G 10.0 build 19042 (Windows 10) AMD64', '2022-02-01 16:06:43', '', '', '::1', '192.168.29.81', 'Chrome'),
(363, 6, 'Windows NT DESKTOP-SURN24G 10.0 build 19042 (Windows 10) AMD64', '2022-02-01 16:08:09', '', '', '::1', '192.168.29.81', 'Chrome'),
(364, 6, 'Windows NT DESKTOP-SURN24G 10.0 build 19042 (Windows 10) AMD64', '2022-02-01 16:12:58', '', '', '::1', '192.168.29.81', 'Chrome'),
(365, 6, 'Windows NT DESKTOP-SURN24G 10.0 build 19042 (Windows 10) AMD64', '2022-02-01 16:13:39', '', '', '::1', '192.168.29.81', 'Chrome'),
(366, 6, 'Windows NT DESKTOP-SURN24G 10.0 build 19042 (Windows 10) AMD64', '2022-02-01 16:13:45', '', '', '::1', '192.168.29.81', 'Chrome'),
(367, 6, 'Windows NT DESKTOP-SURN24G 10.0 build 19042 (Windows 10) AMD64', '2022-02-01 16:14:51', '21.1888', '72.8293', '::1', '192.168.29.81', 'Chrome'),
(368, 6, 'Windows NT DESKTOP-SURN24G 10.0 build 19042 (Windows 10) AMD64', '2022-02-01 16:15:05', '21.1888', '72.8293', '::1', '192.168.29.81', 'Chrome'),
(369, 6, 'Windows NT DESKTOP-SURN24G 10.0 build 19042 (Windows 10) AMD64', '2022-02-01 16:15:15', '21.1888', '72.8293', '::1', '192.168.29.81', 'Opera'),
(370, 6, 'Windows NT DESKTOP-SURN24G 10.0 build 19042 (Windows 10) AMD64', '2022-02-01 16:17:06', '21.1888', '72.8293', '::1', '192.168.29.81', 'Chrome'),
(371, 4, 'Windows NT DESKTOP-SURN24G 10.0 build 19042 (Windows 10) AMD64', '2022-02-01 16:24:47', '21.1888', '72.8293', '::1', '192.168.29.81', 'Chrome'),
(372, 4, 'Windows NT DESKTOP-SURN24G 10.0 build 19042 (Windows 10) AMD64', '2022-02-01 17:14:01', '21.1888', '72.8293', '::1', '192.168.29.81', 'Chrome'),
(373, 4, 'Windows NT DESKTOP-SURN24G 10.0 build 19042 (Windows 10) AMD64', '2022-02-01 17:15:07', '21.1888', '72.8293', '::1', '192.168.29.81', 'Chrome'),
(374, 4, 'Windows NT DESKTOP-SURN24G 10.0 build 19042 (Windows 10) AMD64', '2022-02-01 17:24:29', '21.1888', '72.8293', '::1', '192.168.29.81', 'Chrome'),
(375, 4, 'Windows NT DESKTOP-SURN24G 10.0 build 19042 (Windows 10) AMD64', '2022-02-01 17:25:15', '21.1888', '72.8293', '::1', '192.168.29.81', 'Chrome'),
(376, 4, 'Windows NT DESKTOP-SURN24G 10.0 build 19042 (Windows 10) AMD64', '2022-02-01 17:25:17', '21.1888', '72.8293', '::1', '192.168.29.81', 'Chrome'),
(377, 4, 'Windows NT DESKTOP-SURN24G 10.0 build 19042 (Windows 10) AMD64', '2022-02-01 17:29:29', '21.1888', '72.8293', '::1', '192.168.29.81', 'Chrome'),
(378, 4, 'Windows NT DESKTOP-SURN24G 10.0 build 19042 (Windows 10) AMD64', '2022-02-01 17:32:41', '21.1888', '72.8293', '::1', '192.168.29.81', 'Chrome'),
(379, 4, 'Windows NT DESKTOP-SURN24G 10.0 build 19042 (Windows 10) AMD64', '2022-02-01 17:35:58', '21.1888', '72.8293', '::1', '192.168.29.81', 'Chrome'),
(380, 4, 'Windows NT DESKTOP-SURN24G 10.0 build 19042 (Windows 10) AMD64', '2022-02-01 17:36:30', '21.1888', '72.8293', '::1', '192.168.29.81', 'Chrome'),
(381, 4, 'Windows NT DESKTOP-SURN24G 10.0 build 19042 (Windows 10) AMD64', '2022-02-01 17:46:08', '21.1888', '72.8293', '::1', '192.168.29.81', 'Chrome'),
(382, 8, 'Windows NT DESKTOP-SURN24G 10.0 build 19042 (Windows 10) AMD64', '2022-02-02 09:32:06', '21.1888', '72.8293', '::1', '192.168.29.81', 'Chrome'),
(383, 6, 'Windows NT DESKTOP-SURN24G 10.0 build 19042 (Windows 10) AMD64', '2022-02-02 10:55:51', '21.1888', '72.8293', '::1', '192.168.29.81', 'Opera'),
(384, 6, 'Windows NT DESKTOP-SURN24G 10.0 build 19042 (Windows 10) AMD64', '2022-02-02 11:41:24', '21.1888', '72.8293', '::1', '192.168.29.81', 'Opera'),
(385, 4, 'Windows NT DESKTOP-SURN24G 10.0 build 19042 (Windows 10) AMD64', '2022-02-02 12:35:27', '21.1888', '72.8293', '::1', '192.168.29.81', 'Chrome'),
(386, 6, 'Windows NT DESKTOP-SURN24G 10.0 build 19042 (Windows 10) AMD64', '2022-02-02 12:48:23', '21.1888', '72.8293', '::1', '192.168.29.81', 'Opera'),
(387, 4, 'Windows NT DESKTOP-SURN24G 10.0 build 19042 (Windows 10) AMD64', '2022-02-02 12:49:33', '21.1888', '72.8293', '::1', '192.168.29.81', 'Chrome'),
(388, 4, 'Windows NT DESKTOP-SURN24G 10.0 build 19042 (Windows 10) AMD64', '2022-02-02 14:02:08', '21.1888', '72.8293', '::1', '192.168.29.81', 'Chrome'),
(389, 4, 'Windows NT DESKTOP-SURN24G 10.0 build 19042 (Windows 10) AMD64', '2022-02-02 14:02:15', '21.1888', '72.8293', '::1', '192.168.29.81', 'Chrome'),
(390, 4, 'Windows NT DESKTOP-SURN24G 10.0 build 19042 (Windows 10) AMD64', '2022-02-02 14:02:20', '21.1888', '72.8293', '::1', '192.168.29.81', 'Chrome'),
(391, 4, 'Windows NT DESKTOP-SURN24G 10.0 build 19042 (Windows 10) AMD64', '2022-02-02 14:29:44', '21.1888', '72.8293', '::1', '192.168.29.81', 'Chrome'),
(392, 4, 'Windows NT DESKTOP-SURN24G 10.0 build 19042 (Windows 10) AMD64', '2022-02-02 14:30:07', '21.1888', '72.8293', '::1', '192.168.29.81', 'Chrome'),
(393, 4, 'Windows NT DESKTOP-SURN24G 10.0 build 19042 (Windows 10) AMD64', '2022-02-02 14:36:04', '21.1888', '72.8293', '::1', '192.168.29.81', 'Chrome'),
(394, 4, 'Windows NT DESKTOP-SURN24G 10.0 build 19042 (Windows 10) AMD64', '2022-02-02 14:36:06', '21.1888', '72.8293', '::1', '192.168.29.81', 'Chrome'),
(395, 4, 'Windows NT DESKTOP-SURN24G 10.0 build 19042 (Windows 10) AMD64', '2022-02-02 14:47:08', '21.1888', '72.8293', '::1', '192.168.29.81', 'Chrome'),
(396, 4, 'Windows NT DESKTOP-SURN24G 10.0 build 19042 (Windows 10) AMD64', '2022-02-02 14:50:17', '21.1888', '72.8293', '::1', '192.168.29.81', 'Chrome'),
(397, 4, 'Windows NT DESKTOP-SURN24G 10.0 build 19042 (Windows 10) AMD64', '2022-02-02 14:50:18', '21.1888', '72.8293', '::1', '192.168.29.81', 'Chrome'),
(398, 4, 'Windows NT DESKTOP-SURN24G 10.0 build 19042 (Windows 10) AMD64', '2022-02-02 15:08:15', '21.1888', '72.8293', '::1', '192.168.29.81', 'Chrome'),
(399, 4, 'Windows NT DESKTOP-SURN24G 10.0 build 19042 (Windows 10) AMD64', '2022-02-02 15:08:20', '21.1888', '72.8293', '::1', '192.168.29.81', 'Chrome'),
(400, 4, 'Windows NT DESKTOP-SURN24G 10.0 build 19042 (Windows 10) AMD64', '2022-02-02 15:13:43', '21.1888', '72.8293', '::1', '192.168.29.81', 'Chrome'),
(401, 4, 'Windows NT DESKTOP-SURN24G 10.0 build 19042 (Windows 10) AMD64', '2022-02-02 15:13:44', '21.1888', '72.8293', '::1', '192.168.29.81', 'Chrome'),
(402, 4, 'Windows NT DESKTOP-SURN24G 10.0 build 19042 (Windows 10) AMD64', '2022-02-02 15:29:02', '21.1888', '72.8293', '::1', '192.168.29.81', 'Chrome'),
(403, 6, 'Windows NT DESKTOP-SURN24G 10.0 build 19042 (Windows 10) AMD64', '2022-02-02 17:28:40', '21.1888', '72.8293', '::1', '192.168.29.81', 'Opera'),
(404, 2, 'Windows NT DESKTOP-SURN24G 10.0 build 19042 (Windows 10) AMD64', '2022-02-03 10:06:45', '21.1888', '72.8293', '::1', '192.168.29.81', 'Chrome'),
(405, 2, 'Windows NT DESKTOP-SURN24G 10.0 build 19042 (Windows 10) AMD64', '2022-02-03 10:19:25', '21.1888', '72.8293', '::1', '192.168.29.81', 'Chrome'),
(406, 2, 'Windows NT DESKTOP-SURN24G 10.0 build 19042 (Windows 10) AMD64', '2022-02-03 10:19:27', '21.1888', '72.8293', '::1', '192.168.29.81', 'Chrome'),
(407, 2, 'Windows NT DESKTOP-SURN24G 10.0 build 19042 (Windows 10) AMD64', '2022-02-03 10:50:45', '21.1888', '72.8293', '::1', '192.168.29.81', 'Chrome'),
(408, 2, 'Windows NT DESKTOP-SURN24G 10.0 build 19042 (Windows 10) AMD64', '2022-02-03 10:51:02', '21.1888', '72.8293', '::1', '192.168.29.81', 'Chrome'),
(409, 4, 'Windows NT DESKTOP-SURN24G 10.0 build 19042 (Windows 10) AMD64', '2022-02-03 10:51:20', '21.1888', '72.8293', '::1', '192.168.29.81', 'Chrome'),
(410, 4, 'Windows NT DESKTOP-SURN24G 10.0 build 19042 (Windows 10) AMD64', '2022-02-03 10:52:28', '21.1888', '72.8293', '::1', '192.168.29.81', 'Chrome'),
(411, 4, 'Windows NT DESKTOP-SURN24G 10.0 build 19042 (Windows 10) AMD64', '2022-02-03 10:52:32', '21.1888', '72.8293', '::1', '192.168.29.81', 'Chrome'),
(412, 4, 'Windows NT DESKTOP-SURN24G 10.0 build 19042 (Windows 10) AMD64', '2022-02-03 10:59:48', '21.1888', '72.8293', '::1', '192.168.29.81', 'Chrome'),
(413, 4, 'Windows NT DESKTOP-SURN24G 10.0 build 19042 (Windows 10) AMD64', '2022-02-03 11:02:25', '21.1888', '72.8293', '::1', '192.168.29.81', 'Chrome'),
(414, 4, 'Windows NT DESKTOP-SURN24G 10.0 build 19042 (Windows 10) AMD64', '2022-02-03 11:09:58', '21.1888', '72.8293', '::1', '192.168.29.81', 'Chrome'),
(415, 4, 'Windows NT DESKTOP-SURN24G 10.0 build 19042 (Windows 10) AMD64', '2022-02-03 11:10:56', '21.1888', '72.8293', '::1', '192.168.29.81', 'Chrome'),
(416, 4, 'Windows NT DESKTOP-SURN24G 10.0 build 19042 (Windows 10) AMD64', '2022-02-03 11:11:06', '21.1888', '72.8293', '::1', '192.168.29.81', 'Chrome'),
(417, 4, 'Windows NT DESKTOP-SURN24G 10.0 build 19042 (Windows 10) AMD64', '2022-02-03 11:11:38', '21.1888', '72.8293', '::1', '192.168.29.81', 'Chrome'),
(418, 4, 'Windows NT DESKTOP-SURN24G 10.0 build 19042 (Windows 10) AMD64', '2022-02-03 11:14:06', '21.1888', '72.8293', '::1', '192.168.29.81', 'Chrome'),
(419, 4, 'Windows NT DESKTOP-SURN24G 10.0 build 19042 (Windows 10) AMD64', '2022-02-03 11:19:07', '21.1888', '72.8293', '::1', '192.168.29.81', 'Chrome'),
(420, 4, 'Windows NT DESKTOP-SURN24G 10.0 build 19042 (Windows 10) AMD64', '2022-02-03 11:19:41', '21.1888', '72.8293', '::1', '192.168.29.81', 'Chrome'),
(421, 4, 'Windows NT DESKTOP-SURN24G 10.0 build 19042 (Windows 10) AMD64', '2022-02-03 11:45:48', '21.1888', '72.8293', '::1', '192.168.29.81', 'Chrome'),
(422, 4, 'Windows NT DESKTOP-SURN24G 10.0 build 19042 (Windows 10) AMD64', '2022-02-03 11:46:25', '21.1888', '72.8293', '::1', '192.168.29.81', 'Chrome'),
(423, 2, 'Windows NT DESKTOP-SURN24G 10.0 build 19042 (Windows 10) AMD64', '2022-02-03 11:46:31', '21.1888', '72.8293', '::1', '192.168.29.81', 'Chrome'),
(424, 4, 'Windows NT DESKTOP-SURN24G 10.0 build 19042 (Windows 10) AMD64', '2022-02-03 11:47:25', '21.1888', '72.8293', '::1', '192.168.29.81', 'Chrome');

-- --------------------------------------------------------

--
-- Table structure for table `user_tbl`
--

DROP TABLE IF EXISTS `user_tbl`;
CREATE TABLE IF NOT EXISTS `user_tbl` (
  `user_id` bigint(20) NOT NULL AUTO_INCREMENT,
  `user_type` varchar(20) DEFAULT NULL,
  `first_name` varchar(100) DEFAULT NULL,
  `last_name` varchar(100) DEFAULT NULL,
  `mobile_no` varchar(15) DEFAULT NULL,
  `password` varchar(20) DEFAULT NULL,
  `unique_link` varchar(50) DEFAULT NULL,
  `payment_completed` int(11) DEFAULT NULL,
  `created_date` datetime DEFAULT NULL,
  `updated_date` datetime DEFAULT NULL,
  PRIMARY KEY (`user_id`)
) ENGINE=InnoDB AUTO_INCREMENT=9 DEFAULT CHARSET=latin1;

--
-- Dumping data for table `user_tbl`
--

INSERT INTO `user_tbl` (`user_id`, `user_type`, `first_name`, `last_name`, `mobile_no`, `password`, `unique_link`, `payment_completed`, `created_date`, `updated_date`) VALUES
(1, 'user', 'Admin', '', '9876543210', '12345', NULL, NULL, '2022-01-31 15:32:08', '2022-01-31 15:32:10'),
(2, 'user', 'dsfsdf', 'sdfsdf', '43345345', 'admin@123', '', NULL, '2022-02-01 11:11:02', '2022-02-01 11:11:02'),
(3, 'user', 'Nikunj', 'Dobariya', '354678952', '123456', 'ASVln6OckM', NULL, '2022-02-01 11:17:31', '2022-02-01 11:17:31'),
(4, 'user', 'Nirali', 'Jariwala', '1234567890', '123', '83AXiOf1uc', NULL, '2022-02-01 11:21:04', '2022-02-01 11:21:04'),
(6, 'user', 'fdgdfg', 'dfgdfg', '09563214568', '123456', 'UZ5d0mDasO', NULL, '2022-02-01 11:36:33', '2022-02-01 11:36:33'),
(7, 'user', 'dfgdfgdf', 'gdfgdfg', '3453445432', 'px90r4v5', 'uEeAMO1p8Q', NULL, '2022-02-01 11:37:48', '2022-02-01 11:37:48'),
(8, 'user', 'Timir', 'Patel', '9035686142', '1abkhf0l', '3n2fmKwqqK', NULL, '2022-02-02 09:31:43', '2022-02-02 09:31:43');
COMMIT;

/*!40101 SET CHARACTER_SET_CLIENT=@OLD_CHARACTER_SET_CLIENT */;
/*!40101 SET CHARACTER_SET_RESULTS=@OLD_CHARACTER_SET_RESULTS */;
/*!40101 SET COLLATION_CONNECTION=@OLD_COLLATION_CONNECTION */;
